date,period,year,quarter_number,unemployment_rate
2008-01-01,2008Q1,2008,Q1,23.2
2008-04-01,2008Q2,2008,Q2,22.6
2008-07-01,2008Q3,2008,Q3,22.8
2008-10-01,2008Q4,2008,Q4,21.5
2009-01-01,2009Q1,2009,Q1,23.0
2009-04-01,2009Q2,2009,Q2,23.2
2009-07-01,2009Q3,2009,Q3,24.5
2009-10-01,2009Q4,2009,Q4,24.1
2010-01-01,2010Q1,2010,Q1,25.1
2010-04-01,2010Q2,2010,Q2,25.1
2010-07-01,2010Q3,2010,Q3,25.4
2010-10-01,2010Q4,2010,Q4,23.9
2011-01-01,2011Q1,2011,Q1,24.8
2011-04-01,2011Q2,2011,Q2,25.6
2011-07-01,2011Q3,2011,Q3,25.0
2011-10-01,2011Q4,2011,Q4,23.8
2012-01-01,2012Q1,2012,Q1,25.0
2012-04-01,2012Q2,2012,Q2,24.8
2012-07-01,2012Q3,2012,Q3,25.2
2012-10-01,2012Q4,2012,Q4,24.5
2013-01-01,2013Q1,2013,Q1,25.0
2013-04-01,2013Q2,2013,Q2,25.3
2013-07-01,2013Q3,2013,Q3,24.5
2013-10-01,2013Q4,2013,Q4,24.1
2014-01-01,2014Q1,2014,Q1,25.2
2014-04-01,2014Q2,2014,Q2,25.5
2014-07-01,2014Q3,2014,Q3,25.4
2014-10-01,2014Q4,2014,Q4,24.3
2015-01-01,2015Q1,2015,Q1,26.4
2015-04-01,2015Q2,2015,Q2,25.0
2015-07-01,2015Q3,2015,Q3,25.5
2015-10-01,2015Q4,2015,Q4,24.5
2016-01-01,2016Q1,2016,Q1,26.7
2016-04-01,2016Q2,2016,Q2,26.6
2016-07-01,2016Q3,2016,Q3,27.1
2016-10-01,2016Q4,2016,Q4,26.5
2017-01-01,2017Q1,2017,Q1,27.7
2017-04-01,2017Q2,2017,Q2,27.7
2017-07-01,2017Q3,2017,Q3,27.7
2017-10-01,2017Q4,2017,Q4,26.7
2018-01-01,2018Q1,2018,Q1,26.7
2018-04-01,2018Q2,2018,Q2,27.2
2018-07-01,2018Q3,2018,Q3,27.5
2018-10-01,2018Q4,2018,Q4,27.1
2019-01-01,2019Q1,2019,Q1,27.6
2019-04-01,2019Q2,2019,Q2,29.0
2019-07-01,2019Q3,2019,Q3,29.1
2019-10-01,2019Q4,2019,Q4,29.1
2020-01-01,2020Q1,2020,Q1,30.1
2020-04-01,2020Q2,2020,Q2,23.3
2020-07-01,2020Q3,2020,Q3,30.8
2020-10-01,2020Q4,2020,Q4,32.5
2021-01-01,2021Q1,2021,Q1,32.6
2021-04-01,2021Q2,2021,Q2,34.4
2021-07-01,2021Q3,2021,Q3,34.9
2021-10-01,2021Q4,2021,Q4,35.3
2022-01-01,2022Q1,2022,Q1,34.5
2022-04-01,2022Q2,2022,Q2,33.9
2022-07-01,2022Q3,2022,Q3,32.9
2022-10-01,2022Q4,2022,Q4,32.7
2023-01-01,2023Q1,2023,Q1,32.9
2023-04-01,2023Q2,2023,Q2,32.6
2023-07-01,2023Q3,2023,Q3,31.9
2023-10-01,2023Q4,2023,Q4,32.1
2024-01-01,2024Q1,2024,Q1,32.9
2024-04-01,2024Q2,2024,Q2,33.5
2024-07-01,2024Q3,2024,Q3,32.1
2024-10-01,2024Q4,2024,Q4,31.9
2025-01-01,2025Q1,2025,Q1,32.9
2025-04-01,2025Q2,2025,Q2,33.2
2025-07-01,2025Q3,2025,Q3,31.9
2025-10-01,2025Q4,2025,Q4,31.4
2026-01-01,2026Q1,2026,Q1,32.7
2026-04-01,2026Q2,2026,Q2,33.6
